N,bound,permutations,seconds,rmse,min_aid,max_aid
20,6,16505,4.98,
25,6,210926,59.73646,
30,6,1886797,518.547367,64.60078,"[0 0 0 1 0 0 0 0 0 0 0 0 0 0 0 0 0 0 0 0 5 5 0 0 1]","[3 0 0 0 0 0 0 0 0 0 0 0 0 1 0 0 0 0 0 0 0 0 0 0 1]"
30,2,450188,125.54,69.5040309263,
30,1,45383,12.779713405,69.5040,"[1 1 1 1 1 0 0 0 0 0 0 0 0 1 0 0 0 0 0 0 1 0 0 0 1]","[1 1 1 1 1 0 0 0 0 0 0 0 0 1 0 0 0 0 0 0 0 0 1 0 1]"
32,5,3693173,
35,5,11255346,
50,2,90764645,
40,2,9127278,2634,
50,1,589338,


